timestamp,pid,comm,latency_ms,sectors
1787583901,3398,kworker/u8:5,30.92,0
1787583901,3400,kworker/u8:7,34.88,0
1787583901,3400,kworker/u8:7,36.65,0
1787583901,3400,kworker/u8:7,37.50,0
1787583901,3400,kworker/u8:7,38.42,0
1787583901,3400,kworker/u8:7,39.16,0
1787583901,3400,kworker/u8:7,39.89,0
1787583901,200,jbd2/sdd-8,47.72,0
1787583901,200,jbd2/sdd-8,47.72,0
1787583901,200,jbd2/sdd-8,47.72,0
1787583901,200,jbd2/sdd-8,47.72,0
1787583901,200,jbd2/sdd-8,47.72,0
1787583901,200,jbd2/sdd-8,47.79,0
1787583901,200,jbd2/sdd-8,47.79,0
1787583901,200,jbd2/sdd-8,47.79,0
1787583901,200,jbd2/sdd-8,47.79,0
1787583901,200,jbd2/sdd-8,47.79,0
1787583901,3400,kworker/u8:7,50.09,0
1787583901,3400,kworker/u8:7,52.01,0
1787583901,3400,kworker/u8:7,54.03,0
1787583901,3400,kworker/u8:7,56.04,0
1787583901,3400,kworker/u8:7,102.06,0
1787583901,3400,kworker/u8:7,170.93,0
1787583901,3400,kworker/u8:7,230.15,0
1787583901,3400,kworker/u8:7,314.09,0
1787583901,3400,kworker/u8:7,337.42,0
1787583901,3400,kworker/u8:7,339.36,0
1787583901,470,rs:main Q:Reg,39.24,0
1787583901,200,jbd2/sdd-8,396.66,0
1787583902,1246,tmux: server,25.70,0
1787583904,3519,bash,29.47,0
1787583906,200,jbd2/sdd-8,26.18,0
1787583906,200,jbd2/sdd-8,26.26,0
1787583906,200,jbd2/sdd-8,26.26,0
1787583906,200,jbd2/sdd-8,26.26,0
1787583906,200,jbd2/sdd-8,26.26,0
1787583906,200,jbd2/sdd-8,26.26,0
1787583906,200,jbd2/sdd-8,26.26,0
1787583906,200,jbd2/sdd-8,26.26,0
1787583910,3527,dd,518.39,32
1787583910,3527,dd,22.40,0
